Top pages,Clicks,Impressions,CTR,Position
https://itanet.ir/,27762,1550962,1.79%,5.25
https://itanet.ir/prices/,4688,290497,1.61%,6.98
https://itanet.ir/ftth/,4214,68149,6.18%,6.68
https://itanet.ir/blog/کانفیگ-و-تنظیم-مودم-فیبر-نوری-هواوی/,3465,57630,6.01%,6.40
https://itanet.ir/blog/راهنمای-خرید-بسته-اینترنت-ایرانسل-در-اپلیکیشن-ایرانسل-من,2534,611429,0.41%,7.91
https://itanet.ir/blog/کانفیگ-و-تنظیم-مودم-فیبر-نوری-هواوی,1246,26930,4.63%,6.36
https://itanet.ir/blog/adsl,466,22468,2.07%,7.67
https://itanet.ir/blog/رانژه-کردن-خط-تلفن-چیست,392,11860,3.31%,5.71
https://itanet.ir/blog/wifi/,383,45999,0.83%,6.04
https://itanet.ir/2ghasemi,369,12854,2.87%,5.14
https://itanet.ir/blog/راهنمای-جامع-شارژ-اینترنت-مخابرات-در-5-دقیقه,262,45108,0.58%,6.92
https://itanet.ir/blog/راهنمای-خرید-اینترنت-فیبر-نوری-مخابرات-اصفهان,229,8771,2.61%,7.42
https://itanet.ir/agentsservice/,222,998,22.24%,4.69
https://itanet.ir/charging/,188,13637,1.38%,5.72
https://itanet.ir/contact/,184,4474,4.11%,1.43
https://itanet.ir/shahin,134,4812,2.78%,2.90
https://itanet.ir/blog/تفاوت-اینترنت-adsl-و-اینترنت-فیبر-نوری؛-کدام-را-انتخاب-کنیم/,65,3006,2.16%,7.33
https://itanet.ir/speed-test/,48,669,7.17%,10.85
https://itanet.ir/blog/انواع-مودم-فیبر-نوری--معرفی-بهترین-مدل-ها/,47,2463,1.91%,9.07
https://itanet.ir/blog/mac-address,42,2666,1.58%,7.54
http://www.itanet.ir/,19,8648,0.22%,4.08
https://itanet.ir/app/profiles,10,351,2.85%,2.79
https://itanet.ir/blog/همه-چیز-درباره-رابطه-اینترنت-فیبر-نوری-و-اینترنت-اشیاء/,7,621,1.13%,5.27
https://itanet.ir/shops?categoryId=1726,5,194,2.58%,6.46
https://itanet.ir/lows/,5,154,3.25%,6.18
https://itanet.ir/blog/اینترنت-5g,4,608,0.66%,9.66
https://itanet.ir/blog/رانژه-کردن-خط-تلفن-چیست#blog2,2,2567,0.08%,4.54
https://itanet.ir/blog/تأثیر-اینترنت-فیبر-نوری-بر-رشد-کسب-و-کارهای-آنلاین-و-اقتصاد-دیجیتال/,2,163,1.23%,7.79
https://itanet.ir/blog/adsl#blog2,1,2546,0.04%,5.45
https://itanet.ir/kh/,1,193,0.52%,10.22
https://itanet.ir/blog/mac-address#blog1,1,72,1.39%,6.61
https://itanet.ir/blog/,1,32,3.12%,6.34
https://itanet.ir/blog/wifi/#blog1,0,2973,0.00%,5.54
https://itanet.ir/blog/wifi/#blog3,0,2922,0.00%,5.54
https://itanet.ir/blog/wifi/#blog2,0,2807,0.00%,5.55
https://itanet.ir/blog/wifi/#blog4,0,2621,0.00%,5.54
https://itanet.ir/blog/wifi/#blog8,0,2616,0.00%,5.55
https://itanet.ir/blog/wifi/#blog9,0,2594,0.00%,5.59
https://itanet.ir/blog/wifi/#blog7,0,2582,0.00%,5.52
https://itanet.ir/blog/رانژه-کردن-خط-تلفن-چیست#blog1,0,2567,0.00%,4.54
https://itanet.ir/blog/adsl#blog1,0,2502,0.00%,5.47
https://itanet.ir/blog/adsl#blog3,0,2353,0.00%,5.40
https://itanet.ir/blog/adsl#blog4,0,2353,0.00%,5.52
https://itanet.ir/blog/تفاوت-اینترنت-adsl-و-اینترنت-فیبر-نوری؛-کدام-را-انتخاب-کنیم/#blog1,0,345,0.00%,6.64
https://itanet.ir/blog/تفاوت-اینترنت-adsl-و-اینترنت-فیبر-نوری؛-کدام-را-انتخاب-کنیم/#blog16,0,345,0.00%,6.64
https://itanet.ir/10806/article/,0,276,0.00%,1.40
https://itanet.ir/blog/wifi/#blog5,0,189,0.00%,6.35
https://itanet.ir/blog/mac-address#blog4,0,71,0.00%,6.56
https://itanet.ir/blog/mac-address#blog2,0,70,0.00%,6.69
https://itanet.ir/blog/mac-address#blog3,0,63,0.00%,6.92
https://itanet.ir/blog/mac-address#blog5,0,62,0.00%,6.87
https://itanet.ir/blog/wifi/#blog6,0,47,0.00%,6.06
https://itanet.ir/blog/vps,0,26,0.00%,8.00
https://itanet.ir/blog/همه-چیز-درباره-رابطه-اینترنت-فیبر-نوری-و-اینترنت-اشیاء/#blog2,0,15,0.00%,9.27
https://itanet.ir/blog/همه-چیز-درباره-رابطه-اینترنت-فیبر-نوری-و-اینترنت-اشیاء/#blog5,0,15,0.00%,9.27
https://itanet.ir/blog/wifi/#blog12,0,13,0.00%,6.69
https://itanet.ir/moba/article/,0,6,0.00%,2.00
https://itanet.ir/blog/اینترنت-5g#blog1,0,6,0.00%,5.83
https://itanet.ir/blog/اینترنت-5g#blog2,0,6,0.00%,5.83
https://itanet.ir/blog/اینترنت-5g#blog3,0,6,0.00%,5.83
https://itanet.ir/blog/اینترنت-5g#blog4,0,6,0.00%,5.83
https://itanet.ir/blog/اینترنت-5g#blog5,0,6,0.00%,5.83
https://itanet.ir/shops/?categoryId=1728,0,1,0.00%,4.00
