Top queries,Clicks,Impressions,CTR,Position
ایتانت,1875,2205,85.03%,1.00
2020,1661,138032,1.20%,6.17
خرید اینترنت adsl مخابرات,1436,76704,1.87%,6.76
اینترنت مخابرات,1231,202696,0.61%,6.41
طرح اینترنت مخابرات 2020,1214,33648,3.61%,4.81
طرح اینترنت مخابرات 2020 اصفهان,1002,2103,47.65%,1.21
ورود به حساب کاربری اینترنت مخابرات,983,71770,1.37%,5.82
مخابرات adsl,833,191867,0.43%,4.35
adsl مخابرات,809,185282,0.44%,3.94
ایتا نت,681,1105,61.63%,1.03
اینترنت مخابرات اصفهان,535,10310,5.19%,2.27
ایرانسل من,509,284814,0.18%,7.71
خرید اینترنت adsl مخابرات اصفهان استان اصفهان,508,1284,39.56%,1.35
adsl,481,89050,0.54%,5.30
مخابرات,461,36035,1.28%,6.71
خرید اینترنت مخابرات,398,14947,2.66%,6.48
۲۰۲۰ مخابرات,338,12779,2.64%,4.50
خرید بسته اینترنت وای فای خانگی,337,7558,4.46%,4.56
مخابرات اصفهان,327,27640,1.18%,4.85
فیبر نوری مخابرات,299,18633,1.60%,8.45
سایت مخابرات,281,15877,1.77%,6.65
2020 مخابرات,265,23596,1.12%,5.04
تنظیمات مودم فیبر نوری هواوی مخابرات,265,1181,22.44%,2.72
خرید اینترنت مخابرات اصفهان,265,758,34.96%,1.82
فیبر نوری مخابرات اصفهان,260,745,34.90%,1.98
ثبت نام اینترنت مخابرات اصفهان,240,656,36.59%,1.62
شارژ اینترنت مخابرات,232,26063,0.89%,4.77
فیبر نوری اصفهان,231,1149,20.10%,3.47
۲۰۲۰,230,37186,0.62%,6.90
اینترنت تلفن ثابت مخابرات,230,8992,2.56%,6.20
خرید بسته اینترنت وای فای خانگی مخابرات,218,5751,3.79%,5.82
اینترنت فیبر نوری,203,1273,15.95%,5.79
شارژ سریع اینترنت مخابرات,171,10538,1.62%,4.65
ایتانت اصفهان,171,181,94.48%,1.00
خرید اینترنت adsl مخابرات بهارستان، استان اصفهان,165,403,40.94%,1.38
اینترنت ۲۰۲۰,149,5699,2.61%,4.92
ایتانت مخابرات,145,166,87.35%,1.00
کانفیگ مودم فیبر نوری,139,431,32.25%,2.47
شارژ سریع وای فای,138,8890,1.55%,5.87
فیبر نوری,130,2289,5.68%,8.43
پنل مخابرات adsl,129,12989,0.99%,5.02
خرید اینترنت تلفن ثابت,127,3347,3.79%,4.62
خرید اینترنت مخابرات اصفهان، استان اصفهان,119,198,60.10%,1.44
تنظیمات مودم فیبر نوری,118,714,16.53%,2.51
خرید بسته اینترنت ایرانسل,114,31055,0.37%,8.23
وای فای,114,21082,0.54%,6.49
ایتا نت اصفهان,114,122,93.44%,1.00
ورود به حساب کاربری اینترنت مخابرات اصفهان استان اصفهان,112,2296,4.88%,2.64
تنظیمات مودم فیبر نوری مخابرات,111,1659,6.69%,4.51
تنظیمات مودم هواوی مخابرات,110,468,23.50%,2.83
سایت مخابرات adsl,109,11936,0.91%,4.38
شارژ وای فای,108,4289,2.52%,4.39
مخابرات اینترنت,106,11561,0.92%,4.39
اینترنت فیبر نوری مخابرات,106,1264,8.39%,4.39
اینترنت ۲۰۲۰ اصفهان,105,391,26.85%,1.92
itanet,103,194,53.09%,1.84
2020 adsl,99,7836,1.26%,5.60
ورود به حساب کاربری اینترنت مخابرات شاهین شهر، استان اصفهان,97,363,26.72%,2.12
تنظیم مودم فیبر نوری,95,569,16.70%,2.69
وای فای مخابرات,94,3619,2.60%,4.39
قیمت اینترنت مخابرات,93,2641,3.52%,6.85
اینترنت تلفن ثابت مخابرات اصفهان، استان اصفهان,93,277,33.57%,1.42
اینترنت فیبر نوری اصفهان,92,219,42.01%,1.53
شارژ وای فای مخابرات,91,3378,2.69%,5.39
نت مخابرات,90,5151,1.75%,4.95
خرید بسته وای فای,90,1648,5.46%,4.70
خرید اینترنت فیبر نوری مخابرات,89,3589,2.48%,8.23
adsl شارژ سریع,86,4373,1.97%,5.57
ورود به مخابرات من adsl,82,11209,0.73%,5.10
بسته های اینترنت مخابرات,81,2649,3.06%,6.53
adsl2+,80,384,20.83%,4.41
اینترنت 2020,77,4458,1.73%,5.81
adsl.ir,76,15301,0.50%,6.94
فیبرنوری مخابرات اصفهان,76,256,29.69%,2.06
ورود به سایت ایرانسل من خرید بسته,75,6038,1.24%,4.37
خرید سرویس اینترنت مخابرات,73,1120,6.52%,5.35
سایت مخابرات اینترنت,72,4264,1.69%,4.06
سایت مخابرات اصفهان,72,3318,2.17%,3.59
اینترنت خانگی وای فای مخابرات,70,1938,3.61%,5.34
طرح های اینترنت مخابرات اصفهان,70,312,22.44%,2.34
اینترنت فیبر نوری مخابرات اصفهان,70,188,37.23%,1.55
خرید اینترنت adsl مخابرات کاشان، استان اصفهان,70,129,54.26%,1.91
درخواست فیبر نوری مخابرات,68,591,11.51%,4.92
فیبرنوری اصفهان,68,214,31.78%,1.63
ای دی اس ال مخابرات,67,9804,0.68%,3.10
خرید اینترنت adsl مخابرات اصفهان، استان اصفهان,65,155,41.94%,1.53
سایت ۲۰۲۰,63,3695,1.71%,4.41
خرید بسته اینترنت مخابرات,63,1553,4.06%,5.47
2020 isfahan,63,827,7.62%,2.10
خرید اینترنت ایرانسل,59,19401,0.30%,8.35
ثبت نام فیبر نوری مخابرات,59,778,7.58%,5.55
اینترنت adsl مخابرات,58,2638,2.20%,6.37
بسته اینترنت مخابرات,58,1174,4.94%,6.61
وای فای چیست و چگونه کار میکند,58,508,11.42%,1.58
شارژ مودم مخابرات,56,2792,2.01%,4.86
ثبت نام اینترنت مخابرات,56,2293,2.44%,7.00
ورود به سایت ایرانسل من,55,23016,0.24%,9.40
adsl 2020,55,3553,1.55%,4.72
کانفیگ مودم فیبر نوری مخابرات,55,868,6.34%,4.80
شارژ سریع مخابرات,54,8689,0.62%,4.83
تمدید اینترنت مخابرات,54,4735,1.14%,7.16
خرید فیبر نوری مخابرات,52,309,16.83%,4.08
اینترنت تلفن ثابت مخابرات اصفهان استان اصفهان,52,134,38.81%,1.25
استعلام رانژه خط تلفن,51,996,5.12%,3.20
تعرفه اینترنت مخابرات,50,2668,1.87%,7.26
*2020#,50,1246,4.01%,5.34
ثبت نام adsl مخابرات اصفهان,49,198,24.75%,1.93
مخابرات اصفهان اینترنت,48,1756,2.73%,2.63
خرید اینترنت وای فای,46,679,6.77%,4.33
درخواست فیبر نوری مخابرات اصفهان,46,281,16.37%,2.29
2020 اینترنت,45,2807,1.60%,5.09
اینترنت adsl,43,1458,2.95%,11.38
itanet.ir,41,50,82.00%,1.00
سایت 2020,40,2572,1.56%,5.67
خرید ترافیک مخابرات,39,920,4.24%,5.63
ثبت نام adsl مخابرات,37,1793,2.06%,5.83
شارژ وای فای خانگی,37,1237,2.99%,4.97
اینترنت ۲۰۲۰ مخابرات,37,989,3.74%,5.87
حجم اینترنت مخابرات,37,913,4.05%,5.78
نحوه کانفیگ مودم فیبر نوری,37,114,32.46%,2.11
سایت اینترنت مخابرات,36,3381,1.06%,4.97
سایت ۲۰۲۰ مخابرات,36,997,3.61%,5.14
مخابرات من adsl,35,5734,0.61%,5.61
خدمات غیرحضوری مخابرات اصفهان,35,2555,1.37%,6.91
اینترنت 2020 مخابرات,35,781,4.48%,5.22
مخابرات 2020,34,4093,0.83%,5.21
مخابرات ۲۰۲۰,34,2856,1.19%,4.58
بسته ایرانسل,33,15431,0.21%,6.77
خرید اینترنت ۲۰۲۰,32,610,5.25%,4.45
اینترنت 2020 اصفهان,32,151,21.19%,1.84
آموزش کانفیگ مودم فیبر نوری,32,105,30.48%,2.21
خرید نت مخابرات,31,833,3.72%,5.05
خرید بسته اینترنت ایرانسل از طریق کارت بانکی,30,2007,1.49%,6.82
ورود به حساب کاربری اینترنت مخابرات بهارستان، استان اصفهان,30,597,5.03%,2.36
خرید اینترنت فیبر نوری,30,377,7.96%,8.79
تعرفه اینترنت 2020,29,102,28.43%,2.88
ایرانسل اینترنت,28,5535,0.51%,7.22
خرید بسته مخابرات,28,1065,2.63%,5.35
خرید اینترنت مودم مخابرات,28,378,7.41%,5.17
تنظیم مودم فیبر نوری مخابرات,28,305,9.18%,4.38
خرید اینترنت adsl مخابرات شاهین شهر، استان اصفهان,28,293,9.56%,1.94
خرید بسته ایرانسل,27,8456,0.32%,8.47
خرید اینترنت وای فای مخابرات,27,480,5.62%,4.51
فیبرنوری مخابرات,27,423,6.38%,4.70
بسته وای فای مخابرات,27,340,7.94%,4.87
اینا نت,27,157,17.20%,1.03
درخواست فیبر نوری اصفهان,27,129,20.93%,2.21
خرید بسته اینترنت ایرانسل برای خودم,26,3995,0.65%,8.63
خرید بسته وای فای مخابرات,26,634,4.10%,4.54
استعلام فیبر نوری اصفهان,26,491,5.30%,5.72
تست سرعت اینترنت مخابرات,26,287,9.06%,12.49
تنظیمات مودم هواوی فیبر نوری,26,286,9.09%,5.00
ثبت نام فیبر نوری مخابرات اصفهان,26,135,19.26%,2.77
مخابرات فیبر نوری,25,674,3.71%,6.56
خرید اینترنت adsl,25,291,8.59%,10.53
خرید اینترنت 2020,24,400,6.00%,4.68
خرید فیبر نوری,24,246,9.76%,8.30
شارژ اینترنت ایرانسل,23,4523,0.51%,8.24
شرکت مخابرات ایران adsl,23,2294,1.00%,5.29
اینترنت مخابرات بهارستان، استان اصفهان,23,94,24.47%,2.15
adsl مخابرات اصفهان,22,1067,2.06%,2.28
شرکت مخابرات ایران اینترنت,22,695,3.17%,5.28
اینترنت وای فای مخابرات,22,622,3.54%,3.89
خرید سرویس مخابرات,22,395,5.57%,5.37
سایت adsl,21,2507,0.84%,4.25
شارژ adsl,21,1470,1.43%,5.08
بسته مخابرات,21,875,2.40%,5.64
مناطق تحت پوشش فیبر نوری اصفهان,21,490,4.29%,8.45
adsl2+ چیست,21,103,20.39%,1.82
ورود به حساب کاربری اینترنت مخابرات آران وبیدگل، استان اصفهان,21,85,24.71%,2.11
شارژ وای فای خانگی با گوشی,20,2372,0.84%,8.57
شارژ مخابرات,20,2165,0.92%,4.43
اینترنت,20,1635,1.22%,33.51
تعرفه اینترنت فیبر نوری مخابرات اصفهان,20,88,22.73%,2.73
اینترنت ایرانسل,19,12007,0.16%,8.98
بسته اینترنت ایرانسل,19,5176,0.37%,9.27
ورود به حساب کاربری اینترنت مخابرات نجف‌ آباد، استان اصفهان,19,344,5.52%,2.37
خرید بسته مودم مخابرات,19,340,5.59%,5.76
سرویس های اینترنت مخابرات,19,316,6.01%,5.45
خرید اینترنت adsl مخابرات نجف‌ آباد، استان اصفهان,19,306,6.21%,2.02
ثبت نام تانوما اصفهان,19,116,16.38%,4.17
فیبر نوری اصفهان مخابرات,19,71,26.76%,2.39
ای دی اس ال مخابرات اصفهان,18,1379,1.31%,2.92
2020 مخابرات اصفهان,18,273,6.59%,2.33
مخابرات اصفهان فیبر نوری,18,137,13.14%,2.62
خرید بسته اینترنت مخابرات وای فای,18,87,20.69%,6.01
درخواست اینترنت مخابرات اصفهان,18,35,51.43%,1.34
اینترنت مخابرات ایران,17,2286,0.74%,5.32
پنل کاربری اینترنت فیبر نوری مخابرات,17,959,1.77%,8.47
بسته های مخابرات,17,681,2.50%,6.73
مخابرات اصفهان adsl,17,670,2.54%,2.53
طرح های اینترنت مخابرات,17,562,3.02%,6.40
شارژ اینترنت مخابرات اصفهان,17,443,3.84%,3.18
رانژه شدن خط تلفن چقدر طول میکشد,17,327,5.20%,4.14
درخواست فیبر نوری,17,230,7.39%,7.30
بسته های فیبر نوری مخابرات,17,219,7.76%,5.21
خرید adsl,17,139,12.23%,13.17
تعرفه اینترنت ۲۰۲۰,17,116,14.66%,2.90
قیمت اینترنت ۲۰۲۰,17,76,22.37%,2.22
ثبت نام فیبر نوری اصفهان,17,72,23.61%,2.10
سایت مخابرات ایران,16,834,1.92%,5.67
سایت خرید اینترنت مخابرات,16,605,2.64%,4.26
شارژ اینترنت مخابرات اصفهان، استان اصفهان,16,181,8.84%,2.27
رمز مودم فیبر نوری مخابرات,16,133,12.03%,2.30
اینترنت مخابرات شاهین شهر، استان اصفهان,16,67,23.88%,1.94
بسته های اینترنت 2020,16,61,26.23%,2.26
بسته اینترنت مخابرات اصفهان,16,34,47.06%,1.71
adsl2020,15,1392,1.08%,3.30
مخابرات اینترنت اصفهان,15,1047,1.43%,2.95
تمدید سرویس اینترنت مخابرات,15,613,2.45%,7.34
تمدید اینترنت فیبر نوری مخابرات,15,585,2.56%,7.23
اینترنت وای فای,15,388,3.87%,8.15
خرید adsl مخابرات,15,371,4.04%,6.03
تنظیمات فیبر نوری مخابرات,15,237,6.33%,5.08
۲۰۲۰ مخابرات اصفهان,15,60,25.00%,2.08
اینترنت مخابرات شاهین شهر,15,47,31.91%,1.91
بسته های اینترنت مخابرات شاهین شهر,15,36,41.67%,1.28
تنظیمات مودم هواوی فیبر نوری مخابرات,15,35,42.86%,2.83
adslمخابرات,14,2415,0.58%,4.18
شارژ سریع اینترنت,14,1922,0.73%,6.32
اینترنت خانگی مخابرات,14,834,1.68%,6.20
۲۰۲۰ اینترنت,14,824,1.70%,5.45
مخابرات adsl اصفهان,14,720,1.94%,2.49
سرویس اینترنت مخابرات,14,656,2.13%,6.76
خرید حجم اینترنت مخابرات,14,589,2.38%,5.88
vlan id مخابرات فیبر نوری,14,214,6.54%,4.30
adsl مخابرات شاهین شهر,14,140,10.00%,2.47
شارژ سریع اینترنت مخابرات اصفهان,14,112,12.50%,2.65
تعرفه اینترنت مخابرات اصفهان,14,41,34.15%,2.00
وایفا,13,2659,0.49%,6.48
شارژ ای دی اس ال,13,686,1.90%,4.51
تعرفه های اینترنت مخابرات,13,528,2.46%,6.69
اینترنت مخابرات ۲۰۲۰,13,328,3.96%,5.33
فیبر نوری در اصفهان,13,237,5.49%,4.08
خرید بسته فیبر نوری مخابرات,13,213,6.10%,6.46
خرید ترافیک وای فای,13,199,6.53%,4.01
ثبت نام فیبر نوری,13,145,8.97%,7.06
اینترنت فیبرنوری,13,106,12.26%,7.90
مخابرات اصفهان 2020,13,93,13.98%,2.60
تمدید اینترنت مخابرات اصفهان، استان اصفهان,13,36,36.11%,2.25
خرید نت ایرانسل,12,2707,0.44%,8.37
adsl اصفهان,12,680,1.76%,3.31
اینرنت مخابرات,12,639,1.88%,6.70
mokhaberat,12,587,2.04%,6.23
شارژ کردن وای فای,12,446,2.69%,6.71
شارژ وایفای مخابرات,12,396,3.03%,4.19
*۲۰۲۰#,12,331,3.63%,5.89
شارژ سریع اینترنت مخابرات اصفهان، استان اصفهان,12,153,7.84%,2.38
قیمت اینترنت 2020,12,48,25.00%,1.98
شارژ سریع وای فای خانگی,11,742,1.48%,7.04
مخابرات وای فای,11,676,1.63%,3.62
سامانه مخابرات,11,673,1.63%,4.15
قیمت بسته های اینترنت مخابرات,11,365,3.01%,6.68
قیمت بسته های مخابرات,11,349,3.15%,6.59
تانوما اصفهان,11,336,3.27%,5.54
مخابرات ۲۰۲۰ اصفهان,11,241,4.56%,2.13
تنظیم مودم فیبر نوری هواوی,11,162,6.79%,6.02
اینترنت مخابرات استان اصفهان,11,150,7.33%,2.11
اینترنت اصفهان مخابرات,11,117,9.40%,2.29
سرویس فیبر نوری مخابرات,11,67,16.42%,3.78
نحوه تنظیم مودم فیبر نوری,11,61,18.03%,3.18
بسته های ۲۰۲۰,11,54,20.37%,2.50
خرید بسته اینترنتی ایرانسل,10,2728,0.37%,8.18
خرید بسته اینترنت ایرانسل برای دیگران با ایرانسل من,10,1395,0.72%,8.71
سایت adsl مخابرات,10,1266,0.79%,4.56
خرید وای فای مخابرات,10,639,1.56%,6.83
2020 اصفهان,10,389,2.57%,2.50
سایت شرکت مخابرات اصفهان 2020,10,302,3.31%,3.14
شرکت مخابرات استان اصفهان,10,298,3.36%,6.29
خرید نت وای فای,10,218,4.59%,5.42
اینترنت تلفن ثابت,10,217,4.61%,4.50
تعرفه اینترنت مخابرات adsl,10,194,5.15%,7.29
نت مخابرات اصفهان,10,86,11.63%,2.13
طرح فیبر نوری مخابرات,10,81,12.35%,4.06
بسته های اینترنت ۲۰۲۰,10,62,16.13%,2.53
شارژ اینترنت فیبر نوری مخابرات اصفهان,10,33,30.30%,1.70
بسته های 2020,10,31,32.26%,2.29
خرید شارژ اینترنت ایرانسل,9,1532,0.59%,8.27
اینترنت مخابراط,9,796,1.13%,6.12
adsl ir,9,705,1.28%,5.55
adsl.ir مخابرات,9,702,1.28%,4.55
شرکت مخابرات,9,627,1.44%,8.18
اینترنت اصفهان,9,596,1.51%,5.09
اینترنت ثابت مخابرات,9,467,1.93%,7.06
مناطق تحت پوشش فیبر نوری مخابرات اصفهان,9,418,2.15%,7.69
مودم adsl2+,9,347,2.59%,5.60
شارژ وای فا,9,320,2.81%,5.30
اینتر نت مخابرات,9,285,3.16%,6.41
بسته های مخابرات adsl,9,271,3.32%,6.58
خرید اینترنت ۲۰۲۰ مخابرات,9,225,4.00%,6.12
٢٠٢٠,9,203,4.43%,5.00
192.168.100.1,9,152,5.92%,4.52
خرید نت وای فای مخابرات,9,141,6.38%,4.86
خرید اینترنت وای فای خانگی,9,137,6.57%,5.08
تنظیم مودم هواوی فیبر نوری,9,127,7.09%,6.09
تعرفه فیبر نوری مخابرات,9,123,7.32%,5.83
خرید سرویس adsl مخابرات,9,119,7.56%,6.24
شارژ ای دی اس ال مخابرات اصفهان,9,93,9.68%,2.17
اینترنت مخابرات کاشان,9,78,11.54%,3.49
مخابرات فیبر نوری اصفهان,9,26,34.62%,1.88
adsl mokhaberat,8,2618,0.31%,6.05
پنل کاربری مخابرات,8,2212,0.36%,4.54
2020.ir,8,1969,0.41%,7.25
وایفای,8,1767,0.45%,6.66
2020مخابرات,8,1166,0.69%,5.87
بسته ایرانسل اینترنت,8,1072,0.75%,7.35
مخابرات من,8,1018,0.79%,8.59
مخابرات استان اصفهان,8,979,0.82%,5.55
internet tci ir,8,977,0.82%,8.01
مخابرات اصفهان تلفن ثابت,8,887,0.90%,8.51
سایت شارژ وای فای,8,333,2.40%,5.70
بسته های adsl مخابرات,8,280,2.86%,6.65
قیمت فیبر نوری مخابرات,8,262,3.05%,7.32
رانژه كردن خط تلفن,8,202,3.96%,4.39
استعلام فیبر نوری مخابرات,8,188,4.26%,9.61
خرید اینترنت خانگی,8,157,5.10%,7.75
خرید اینترنت از ایرانسل من,8,148,5.41%,4.67
سرویس مخابرات,8,141,5.67%,6.79
خرید شارژ وای فای خانگی,8,105,7.62%,4.40
خرید ای دی اس ال مخابرات,8,92,8.70%,5.41
طرح های فیبر نوری مخابرات,8,70,11.43%,4.01
چگونه از ایرانسل من اینترنت بگیریم,8,61,13.11%,1.97
adsl2 plus,8,49,16.33%,4.24
کانفیگ کردن مودم فیبر نوری,8,27,29.63%,2.81
خرید بسته اینترنت مخابرات اصفهان,8,24,33.33%,1.96
کانفیگ فیبر نوری,8,23,34.78%,2.91
اينترنت مخابرات,7,1963,0.36%,7.04
سامانه ۲۰۲۰ مخابرات,7,952,0.74%,6.34
شرکت مخابرات اصفهان,7,876,0.80%,6.98
مخابرات2020,7,750,0.93%,6.02
شارژ adsl مخابرات,7,589,1.19%,5.31
مخابرات من اینترنت,7,545,1.28%,5.28
مانده اینترنت مخابرات,7,524,1.34%,5.05
مخابرات ایران adsl,7,512,1.37%,5.04
شارژوای فای,7,507,1.38%,5.10
ورود به سامانه 2020,7,501,1.40%,8.15
پنل اینترنت مخابرات,7,475,1.47%,3.57
پرداخت اینترنت مخابرات,7,347,2.02%,6.18
سایت تنظیمات مودم هواوی,7,306,2.29%,8.06
شارژ اینترنت تلفن ثابت,7,244,2.87%,6.07
سایت فیبر نوری مخابرات,7,235,2.98%,5.87
خرید شارژ وای فای,7,225,3.11%,6.11
خرید اینترنت تلفن ثابت مخابرات,7,211,3.32%,5.40
جشنواره اینترنت مخابرات,7,209,3.35%,6.70
خرید اینترنت از مخابرات,7,201,3.48%,5.64
بسته وای فای,7,168,4.17%,5.05
خرید اینترنت از ۲۰۲۰,7,159,4.40%,4.55
سایت2020,7,159,4.40%,6.51
*2020# مخابرات,7,155,4.52%,5.88
خرید بسته از ایرانسل من,7,147,4.76%,5.33
ورود به حساب کاربری اینترنت مخابرات کاشان، استان اصفهان,7,131,5.34%,2.25
پوشش فیبر نوری اصفهان,7,119,5.88%,7.19
بسته اینترنت وای فای,7,100,7.00%,4.42
بسته فیبر نوری مخابرات,7,96,7.29%,5.99
خرید حجم وای فای مخابرات,7,95,7.37%,5.37
قیمت اینترنت فیبر نوری مخابرات,7,95,7.37%,6.29
پشتیبانی فیبر نوری مخابرات اصفهان,7,88,7.95%,3.75
vlan id فیبر نوری مخابرات,7,80,8.75%,3.96
طرح های اینترنت فیبر نوری مخابرات,7,47,14.89%,3.94
فرق adsl با adsl2,7,44,15.91%,1.05
خرید سرویس فیبر نوری مخابرات,7,30,23.33%,4.13
درخواست اینترنت,7,28,25.00%,6.43
ایرانسل من انلاین,6,3636,0.17%,9.01
adsl.tci.ir,6,939,0.64%,8.82
شارژ مخابرات اینترنت,6,686,0.87%,5.30
اینترنت۲۰۲۰,6,664,0.90%,4.44
شارژ سریع adsl,6,619,0.97%,5.78
شارژ كردن واي فاي مخابرات,6,592,1.01%,6.42
درخواست اینترنت مخابرات,6,447,1.34%,6.55
خرید شارژ اینترنت مخابرات,6,352,1.70%,5.18
شارژ اینترنت فیبر نوری مخابرات,6,322,1.86%,6.29
تغییر رمز مودم فیبر نوری هواوی,6,318,1.89%,6.97
تمدید اشتراک اینترنت مخابرات,6,317,1.89%,5.85
ftth,6,282,2.13%,8.07
این نت,6,278,2.16%,2.33
شارژ فیبر نوری مخابرات,6,266,2.26%,6.87
خرید اینترنت خانگی مخابرات,6,237,2.53%,7.06
تمدید بسته اینترنت مخابرات,6,236,2.54%,6.53
سایت مخابرات استان اصفهان,6,220,2.73%,4.18
تنظیمات مودم فیبر نوری هواوی,6,200,3.00%,6.33
سایت 2020 اینترنت,6,168,3.57%,5.08
اینترنت مخابرات فیبر نوری,6,154,3.90%,4.73
سایت مخابرات اصفهان تلفن ثابت,6,141,4.26%,3.88
بسته مخابرات adsl,6,128,4.69%,6.54
تنظیم مودم فیبر نوری هواوی مدل hg8546m,6,128,4.69%,7.26
اشتراک اینترنت مخابرات,6,127,4.72%,6.26
خرید اینترنت برای وای فای,6,120,5.00%,4.03
امکان سنجی فیبر نوری,6,116,5.17%,7.13
قیمت اینترنت وای فای مخابرات,6,102,5.88%,6.24
اینترنت خانگی,6,100,6.00%,8.58
نمایندگی اینترنت مخابرات,6,93,6.45%,6.46
اینترنت مخابرات خرید,6,92,6.52%,6.14
اینترنت فیبرنوری مخابرات,6,87,6.90%,5.67
ثبت نام اینترنت فیبر نوری مخابرات,6,85,7.06%,5.39
سایت شرکت مخابرات اصفهان,6,73,8.22%,4.10
خرید بسته برای مودم مخابرات,6,73,8.22%,6.04
درخواست اینترنت فیبر نوری,6,72,8.33%,6.19
خرید اینترنت وایفای,6,70,8.57%,4.71
قیمت بسته های adsl مخابرات,6,65,9.23%,6.66
قیمت اینترنت فیبر نوری,6,63,9.52%,8.00
هزینه اینترنت فیبر نوری مخابرات,6,56,10.71%,5.96
بسته های اینترنت فیبر نوری مخابرات,6,53,11.32%,5.34
خرید اینترنت خط ثابت,6,51,11.76%,5.96
قیمت سرویس اینترنت مخابرات,6,46,13.04%,6.46
اینترنت مخابرات اصفهان ۲۰۲۰,6,45,13.33%,1.96
vlan id مخابرات اصفهان,6,43,13.95%,3.37
مدت زمان وصل شدن اینترنت مخابرات,6,33,18.18%,1.97
تنظیمات فیبر نوری,6,33,18.18%,3.76
زمان وصل شدن اینترنت مخابرات,6,30,20.00%,3.77
تعرفه های اینترنت 2020,6,25,24.00%,2.36
بسته های مخابرات ۲۰۲۰,6,24,25.00%,2.83
خرید بسته اینترنت مخابرات اصفهان استان اصفهان,6,10,60.00%,1.60
ای دی اس ال,5,2364,0.21%,4.66
وای فا,5,1914,0.26%,7.79
کد خرید بسته اینترنت ایرانسل,5,1210,0.41%,10.17
سایت ای دی اس ال,5,1021,0.49%,3.77
سامانه اینترنت مخابرات,5,812,0.62%,6.43
سامانه مخابرات اصفهان,5,779,0.64%,3.73
پنل مخابرات,5,658,0.76%,4.36
پشتیبانی adsl مخابرات,5,606,0.83%,6.97
خرید اینترنت ایرانسل برای دیگران,5,557,0.90%,9.97
شارژ سریع,5,533,0.94%,7.42
اینترنت سریع مخابرات,5,500,1.00%,6.39
شرکت مخابرات ایران,5,500,1.00%,7.93
تغییر رمز مودم فیبر نوری مخابرات,5,477,1.05%,7.96
سایت 2020 مخابرات,5,456,1.10%,5.70
اینترنت محابرات,5,429,1.17%,6.83
سامانه مخابرات adsl,5,415,1.20%,3.70
شارژadsl,5,379,1.32%,5.21
سایت ایرانسل خرید بسته,5,355,1.41%,6.39
ثبت نام adsl,5,345,1.45%,8.01
تمدید وای فای مخابرات,5,321,1.56%,7.40
خرید بسته مخابرات adsl,5,307,1.63%,5.59
خرید سریع اینترنت مخابرات,5,292,1.71%,4.64
تعرفه اینترنت مخابرات 1405,5,270,1.85%,8.75
edsl.ir,5,267,1.87%,6.51
تنظیمات مودم sandlight,5,235,2.13%,5.67
adsl .ir,5,222,2.25%,6.27
اینترنت ای دی اس ال مخابرات,5,210,2.38%,4.77
اینترنت ایرانسل من,5,187,2.67%,5.13
فیبر مخابرات,5,187,2.67%,7.09
پشتیبانی اینترنت مخابرات اصفهان,5,165,3.03%,5.58
هزینه اینترنت مخابرات,5,144,3.47%,6.35
خریداینترنت ایرانسل,5,141,3.55%,8.13
خرید بسته اینترنت مخابرات تلفن ثابت,5,137,3.65%,6.02
فیبرنوری,5,135,3.70%,9.96
طرح اینترنت مخابرات,5,132,3.79%,5.51
اینترنت مودم مخابرات,5,131,3.82%,4.37
"""2020""",5,128,3.91%,3.77
شماره مخابرات اصفهان برای اینترنت,5,127,3.94%,4.72
سایت 2020 مخابرات کاشان,5,123,4.07%,3.50
امور مشترکین مخابرات تلفن ثابت اصفهان,5,112,4.46%,11.46
خرید بسته اینترنت تلفن ثابت مخابرات,5,105,4.76%,6.76
رانژه مخابرات,5,104,4.81%,4.68
خرید سرویس مخابرات adsl,5,100,5.00%,6.47
ftth مخابرات,5,98,5.10%,6.20
خرید بسته وای فای خانگی,5,89,5.62%,4.80
خرید نت مخابرات وای فای,5,86,5.81%,6.28
خرید نت برای وای فای,5,80,6.25%,4.81
جشنواره فیبر نوری مخابرات,5,77,6.49%,6.36
خرید بسته اینترنت ۲۰۲۰,5,73,6.85%,4.07
2020اصفهان,5,69,7.25%,3.51
شرکت مخابرات اصفهان اینترنت,5,68,7.35%,3.29
نحوه تنظیم مودم فیبر نوری مخابرات,5,68,7.35%,5.03
خرید اینترنت برای مودم,5,66,7.58%,5.94
خرید اینترنت برای وای فای مخابرات,5,59,8.47%,4.90
خرید بسته های اینترنت مخابرات,5,57,8.77%,5.96
نمایندگی مخابرات,5,55,9.09%,4.82
بسته مخابرات اینترنت,5,55,9.09%,5.80
ایتنت,5,53,9.43%,1.15
تنظیم مودم فیبر نوری هواوی مدل eg8145v5,5,53,9.43%,4.13
خرید سرویس adsl,5,49,10.20%,8.10
وای فای مخابرات اصفهان,5,45,11.11%,2.67
سرویس adsl,5,44,11.36%,10.86
خرید بسته 2020,5,42,11.90%,4.86
خرید نت مودم مخابرات,5,41,12.20%,5.49
تعرفه های اینترنت ۲۰۲۰,5,40,12.50%,2.35
خرید اینترنت adsl مخابرات آران وبیدگل، استان اصفهان,5,36,13.89%,1.97
بسته های اینترنت مخابرات اصفهان,5,36,13.89%,2.75
اینترنت مخابرات نجف‌ آباد، استان اصفهان,5,29,17.24%,2.17
تعرفه ۲۰۲۰,5,27,18.52%,2.67
بسته های مخابرات فیبر نوری,5,24,20.83%,5.71
خرید نت برای وای فای مخابرات,5,20,25.00%,4.85
خرید اینترنت خونه,5,9,55.56%,2.11
فای,4,2173,0.18%,5.69
adsl tci ir,4,1757,0.23%,6.94
ایرانسل‌من,4,1563,0.26%,7.85
mokhaberat adsl,4,1423,0.28%,6.27
رانژه چیست,4,820,0.49%,6.61
انترنت مخابرات,4,795,0.50%,6.40
سامانه 2020 مخابرات,4,774,0.52%,7.56
وای فای چیست,4,758,0.53%,4.24
۲۰۲۰ اینترنت مخابرات,4,653,0.61%,7.73
edsl,4,517,0.77%,5.11
برنامه ایرانسل من,4,489,0.82%,9.25
خريد بسته اينترنت ايرانسل,4,471,0.85%,7.83
شارژ نت مخابرات,4,431,0.93%,5.45
استعلام اینترنت مخابرات,4,431,0.93%,5.64
شارژ اینترنت,4,373,1.07%,8.52
سایت وای فای مخابرات,4,366,1.09%,4.10
اینترنت مخابرات من,4,347,1.15%,5.22
hdkjvkj lohfvhj,4,305,1.31%,7.11
ورود به مخابرات من,4,296,1.35%,8.36
شارژ ای دی اس ال مخابرات,4,295,1.36%,5.50
adsl tci ir شارژ سریع,4,275,1.45%,9.27
بسته گرفتن ایرانسل,4,266,1.50%,7.47
شارژ كردن اينترنت مخابرات,4,264,1.52%,6.44
خرید اینترنت adsl مخابرات شیراز، استان فارس,4,249,1.61%,9.42
خرید ایرانسل اینترنت,4,244,1.64%,6.55
چگونه vlan id را پیدا کنیم,4,219,1.83%,8.35
ایترنت مخابرات,4,206,1.94%,6.04
۲۰۲۰ اصفهان,4,203,1.97%,2.09
نحوه شارژ اینترنت فیبر نوری مخابرات,4,202,1.98%,7.98
اینترنت شرکت مخابرات,4,199,2.01%,6.31
خدمات ایرانسل من,4,190,2.11%,11.92
شارژ سریع مودم مخابرات,4,174,2.30%,5.51
خرید اشتراک مخابرات,4,172,2.33%,5.15
سرعت اینترنت مخابرات,4,159,2.52%,6.55
قیمت اینترنت مخابرات adsl,4,150,2.67%,7.30
ثبت نام وای فای مخابرات,4,143,2.80%,7.08
سایت مخابرات شاهین شهر,4,142,2.82%,5.04
هزینه فیبر نوری مخابرات,4,139,2.88%,7.04
شارژ اینترنت 2020,4,137,2.92%,4.29
شارژ اینترنت ۲۰۲۰,4,135,2.96%,4.17
سرویس adsl مخابرات,4,135,2.96%,6.54
اینترنت پر سرعت مخابرات,4,130,3.08%,5.97
سایت اینترنت,4,129,3.10%,4.67
خرید بسته adsl مخابرات,4,121,3.31%,6.74
قیمت نت مخابرات,4,114,3.51%,6.33
vlan id مخابرات چنده,4,111,3.60%,8.82
خرید اینترنت مخابراط,4,110,3.64%,6.58
تنظیمات مودم مخابرات فیبر نوری,4,109,3.67%,5.22
قیمت بسته اینترنت مخابرات,4,103,3.88%,5.78
خرید ترافیک اینترنت مخابرات,4,99,4.04%,5.92
طرح های adsl مخابرات,4,97,4.12%,6.48
ای پی مودم فیبر نوری,4,96,4.17%,3.32
سرویس های مخابرات adsl,4,86,4.65%,7.06
خرید بسته برای وای فای,4,81,4.94%,5.20
خرید نت مخابرات adsl,4,80,5.00%,6.54
خرید اینترنت خط ثابت مخابرات,4,78,5.13%,7.49
تمدید اینترنت 2020,4,75,5.33%,4.89
شارژ adsl مخابرات اصفهان,4,73,5.48%,2.05
بسته مودم مخابرات,4,72,5.56%,6.82
خرید اینترنت ای دی اس ال,4,71,5.63%,7.46
طرح های مخابرات اینترنت,4,65,6.15%,6.15
سرویس مخابرات adsl,4,61,6.56%,6.18
خرید اینترنت برای مودم مخابرات,4,56,7.14%,5.52
کارت شارژ مخابرات,4,56,7.14%,6.32
adsl2 مخابرات,4,55,7.27%,5.45
شارژ سریع مخابرات اصفهان,4,51,7.84%,2.63
خرید بسته وای فا,4,50,8.00%,4.34
خرید اشتراک وای فای مخابرات,4,50,8.00%,4.56
تنظیمات اینترنت فیبر نوری مخابرات,4,48,8.33%,5.12
شارژ اینترنت تلفن ثابت مخابرات,4,46,8.70%,5.70
بسته اینترنت فیبر نوری مخابرات,4,46,8.70%,5.78
بسته اینترنت مودم مخابرات,4,43,9.30%,5.26
اینترنت مخابرات خمینی شهر,4,41,9.76%,4.56
اینترنت adsl2+,4,41,9.76%,5.34
2020 خرید اینترنت,4,38,10.53%,4.11
هزینه وای فای مخابرات,4,35,11.43%,6.06
فيبر نوري مخابرات,4,33,12.12%,4.85
خرید اینترنت فیبرنوری,4,33,12.12%,9.61
بسته اینترنت ۲۰۲۰,4,32,12.50%,3.12
سرویس های فیبر نوری مخابرات,4,27,14.81%,6.19
خرید سرویس فیبر نوری,4,27,14.81%,8.70
خرید اینترنت مخابرات ۲۰۲۰,4,24,16.67%,4.58
بسته های اینترنت ۲۰۲۰ مخابرات,4,22,18.18%,3.09
خرید نت مخابرات برای مودم,4,22,18.18%,5.45
آموزش تنظیم مودم فیبر نوری,4,20,20.00%,3.45
جشنواره فیبر نوری,4,19,21.05%,14.21
خرید سرویس وای فای مخابرات,4,18,22.22%,4.89
کانفینگ مودم فیبر نوری,4,10,40.00%,2.10
خرید اینترنت فیبر نوری مخابرات اصفهان,4,9,44.44%,2.22
انیترنت,4,6,66.67%,28.83
قیمت فیبر نوری مخابرات اصفهان,4,5,80.00%,1.20
بیست نت,3,2586,0.12%,4.94
adsl چیست,3,1873,0.16%,6.44
۲۰۲۰مخابرات,3,1082,0.28%,4.96
مخابراتadsl,3,888,0.34%,4.44
شماره مخابرات,3,847,0.35%,7.10
مخابرات۲۰۲۰,3,843,0.36%,4.59
سایت مخابرات ایران adsl,3,839,0.36%,4.44
idsl,3,833,0.36%,4.98
خرید اینترنت برای ایرانسل,3,752,0.40%,8.41
adsl.,3,718,0.42%,4.89
2020adsl,3,692,0.43%,5.18
نت ایرانسل,3,653,0.46%,9.13
نحوه خرید بسته اینترنت ایرانسل,3,599,0.50%,8.30
بیست بیست مخابرات,3,568,0.53%,5.80
ایرانسل من.,3,494,0.61%,7.49
بیست بیست,3,430,0.70%,6.30
اینترنت مخابرات adsl,3,425,0.71%,5.90
اینترنت2020,3,369,0.81%,5.59
ورود به حساب کاربری وای فای,3,339,0.88%,8.71
سامانه adsl,3,337,0.89%,3.80
اینترنت مخابرات 2020,3,330,0.91%,6.11
vlan id مخابرات,3,322,0.93%,8.70
راه اندازی مودم فیبر نوری مخابرات,3,313,0.96%,7.85
پشتیبانی اینترنت مخابرات,3,307,0.98%,8.00
خرید بسته اینترنت ایرانسل برای دیگران,3,303,0.99%,10.23
شارژ وایفا,3,293,1.02%,4.76
رانژه,3,291,1.03%,8.08
پنل کاربری اینترنت مخابرات,3,290,1.03%,4.59
اینترنت بیست بیست,3,240,1.25%,6.29
تعرفه اینترنت مخابرات 1404,3,240,1.25%,8.99
خرید اشتراک اینترنت مخابرات,3,219,1.37%,6.68
مخابرات نجف آباد,3,217,1.38%,8.54
سایت ای دی اس ال مخابرات اصفهان,3,211,1.42%,2.50
سایت مخابراط,3,199,1.51%,6.27
ایرانسل من خرید بسته,3,198,1.52%,6.52
تمدید وای فای,3,194,1.55%,7.37
تغییر رمز وای فای فیبر نوری مخابرات,3,184,1.63%,7.95
خرید اینترنت از ایرانسل,3,182,1.65%,4.53
نت مخابرات adsl,3,182,1.65%,5.83
2020.,3,180,1.67%,5.88
نت ۲۰۲۰,3,168,1.79%,5.65
اینترنت مخبرات,3,168,1.79%,6.39
مخابرات فیبرنوری,3,164,1.83%,4.96
پشتیبانی فیبر نوری مخابرات,3,162,1.85%,6.33
پشتیبانی مخابرات,3,161,1.86%,7.36
شارژ فوری اینترنت مخابرات,3,160,1.88%,5.59
ابنترنت مخابرات,3,157,1.91%,6.38
اینترنت ثابت,3,155,1.94%,10.23
بسته های اینترنت مخابرات adsl,3,153,1.96%,7.43
adsl.tci.ir مخابرات,3,150,2.00%,6.40
خرید شارژ وای فای مخابرات,3,149,2.01%,5.00
تعرفه مخابرات,3,144,2.08%,6.96
اینترنت ۲۰ ۲۰,3,143,2.10%,7.42
شماره پشتیبانی اینترنت فیبر نوری مخابرات,3,141,2.13%,7.68
تمدید adsl مخابرات,3,128,2.34%,7.08
ثبت نام 2020,3,126,2.38%,6.83
مودم فیبر نوری,3,126,2.38%,15.20
ایرانسل.من,3,120,2.50%,7.94
وای فای خانگی,3,119,2.52%,7.14
اینترنت ای دی اس ال,3,118,2.54%,8.31
اینترنت مخابرات قیمت,3,115,2.61%,6.79
بسته های وای فای مخابرات,3,115,2.61%,7.39
خرید شارژ مخابرات,3,114,2.63%,4.67
مخابرات 2020 اصفهان,3,113,2.65%,2.16
قیمت اینترنت,3,103,2.91%,6.73
مناطق تحت پوشش vdsl مخابرات اصفهان,3,103,2.91%,8.43
تست سرعت اینترنت مخابرات اصفهان، استان اصفهان,3,102,2.94%,7.51
خدمات اینترنت مخابرات,3,101,2.97%,7.02
اینتذنت مخابرات,3,101,2.97%,7.18
adsl.com مخابرات,3,95,3.16%,5.37
خریداینترنت مخابرات,3,94,3.19%,6.41
فرم ثبت نام adsl مخابرات,3,88,3.41%,7.27
خرید اینترنت ثابت,3,88,3.41%,8.10
خرید بسته ۲۰۲۰,3,87,3.45%,4.39
شارژسریع وای فای,3,87,3.45%,4.92
adsl 2,3,85,3.53%,20.05
قیمت اینترنت adsl مخابرات,3,83,3.61%,6.10
سامانه ای دی اس ال,3,82,3.66%,5.07
شارژ اینترنت وای فای خانگی,3,82,3.66%,6.34
تعرفه های مخابرات,3,81,3.70%,6.37
بسته اینترنتی مخابرات,3,80,3.75%,6.01
adsl مخابرات اصفهان، استان اصفهان,3,77,3.90%,2.65
خرید بسته اینترنتی مخابرات,3,76,3.95%,5.43
بسته اینترنت وای فای مخابرات,3,75,4.00%,5.03
شارژ اینترنت adsl,3,75,4.00%,5.67
اينترنت ٢٠٢٠,3,74,4.05%,5.70
خرید بسته adsl,3,74,4.05%,7.07
شارژ وای فای ۲۰۲۰,3,73,4.11%,3.67
سامانه شارژ وای فای,3,72,4.17%,5.31
vlan id در تنظیمات مودم,3,71,4.23%,8.69
اینترنت مخایرات,3,69,4.35%,6.61
شارژسریع وای فا,3,66,4.55%,5.59
ثبت نام مخابرات,3,65,4.62%,4.58
خرید بسته اینترنت فیبر نوری مخابرات,3,61,4.92%,6.33
خريد اينترنت مخابرات,3,59,5.08%,7.24
تعرفه vdsl مخابرات,3,57,5.26%,6.70
اینترنت منزل مخابرات,3,56,5.36%,4.45
قیمت سرویس های مخابرات,3,56,5.36%,6.77
قیمت تعرفه اینترنت مخابرات,3,55,5.45%,6.29
وای فای چگونه کار میکند,3,53,5.66%,2.89
شارژ 2020,3,53,5.66%,3.53
سرویس ftth مخابرات,3,53,5.66%,4.49
خرید بسته اینترنت مودم مخابرات,3,52,5.77%,5.67
سامانه خرید اینترنت مخابرات,3,51,5.88%,5.37
ورود به تنظیمات مودم فیبر نوری,3,50,6.00%,3.02
خرید اینترنت ای دی اس ال مخابرات,3,48,6.25%,4.52
شارژ وای فای مخابرات اصفهان,3,46,6.52%,3.02
تنظیمات مودم فیبرنوری,3,46,6.52%,4.33
سرویس مخابرات اینترنت,3,44,6.82%,5.05
خرید بسته مخابرات مودم,3,44,6.82%,5.41
خرید اشتراک adsl مخابرات,3,43,6.98%,5.67
خرید بسته اینترنت خانگی مخابرات,3,43,6.98%,6.40
پیگیری رانژه شدن خط تلفن مخابرات,3,42,7.14%,1.93
اینترنت فوری,3,42,7.14%,6.86
قیمت های اینترنت مخابرات,3,41,7.32%,6.24
قیمت مخابرات,3,38,7.89%,7.18
خرید بسته اینترنت adsl,3,38,7.89%,8.68
خدمات ۲۰۲۰ مخابرات,3,36,8.33%,5.67
فیبر نوری اینترنت,3,36,8.33%,5.75
2020#,3,35,8.57%,5.77
سرعت اینترنت فیبر نوری مخابرات,3,33,9.09%,6.30
شارژ وای‌فای,3,32,9.38%,4.12
حجم ترافیک اینترنت مخابرات,3,32,9.38%,7.16
اینترنت adsl اصفهان,3,30,10.00%,2.23
تنظیم مودم فیبرنوری,3,30,10.00%,3.03
adsl 2 plus,3,30,10.00%,3.97
تنظیمات مودم فیبر نوری مخابرات هواوی,3,30,10.00%,4.00
اشتراک فیبر نوری مخابرات,3,30,10.00%,4.87
خرید اینترنت برای خط ثابت,3,30,10.00%,4.93
شماره مجازی فیبر نوری,3,30,10.00%,6.87
انواع مودم فیبر نوری,3,29,10.34%,8.52
تعرفه اینترنت مخابرات پس پرداخت,3,29,10.34%,9.76
خرید بسته ای دی اس ال,3,28,10.71%,5.93
شارژ اینترنت مخابرات فیبر نوری,3,28,10.71%,6.93
اینترنت خانه مخابرات,3,26,11.54%,5.77
خرید شارژ مخابرات اینترنت,3,25,12.00%,5.80
سايت مخابرات اينترنت,3,24,12.50%,5.42
چطوری از ایرانسل من اینترنت بگیریم,3,23,13.04%,2.04
نت فیبر نوری,3,23,13.04%,3.00
www tci ir شارژ کارت تلفن,3,22,13.64%,9.14
درخواست فیبرنوری مخابرات,3,19,15.79%,5.21
نحوه کانفیگ مودم فیبر نوری مخابرات,3,16,18.75%,4.81
خط فیبر نوری مخابرات,3,15,20.00%,3.00
خط تلفن فیبر نوری مخابرات,3,15,20.00%,4.40
بسته اینترنت 2020,3,13,23.08%,3.23
ترافیک اینترنت,3,13,23.08%,6.85
adsl2 vs adsl2+,3,11,27.27%,2.36
ورود به حساب کاربری اینترنت مخابرات شهرضا، استان اصفهان,3,9,33.33%,2.44
بهترین سرعت اینترنت مخابرات,3,9,33.33%,6.89
خرید اینترنت adsl مخابرات اصفهان,3,8,37.50%,2.00
قیمت بسته های ۲۰۲۰,3,3,100.00%,2.33
adsl tci,2,3779,0.05%,7.75
وب ایرانسل من,2,1259,0.16%,9.24
بسته اینترنتی ایرانسل,2,1051,0.19%,8.00
اینترنت پر ایرانسل,2,942,0.21%,9.65
خرید بسته ایرانسل اینترنت,2,833,0.24%,7.72
خرید بسته اینترنت ایرانسل دائمی روی قبض,2,638,0.31%,8.25
ایزانسل من,2,558,0.36%,7.68
مخابرات شارژ سریع,2,521,0.38%,4.44
شارژ ایرانسل اینترنت,2,511,0.39%,7.83
ایدیسل مخابرات,2,510,0.39%,5.21
شارژ وایفای,2,471,0.42%,4.49
2020i.ir,2,471,0.42%,5.94
adslچیست,2,464,0.43%,6.36
adsl.tci.i,2,447,0.45%,8.27
tci.adsl,2,428,0.47%,8.01
adsl2,2,424,0.47%,14.94
سایت ای دی اس ال مخابرات,2,421,0.48%,4.98
نحوه خرید اینترنت پر ایرانسل,2,397,0.50%,7.20
درخواست اینترنت پر ایرانسل,2,386,0.52%,8.70
گرفتن اینترنت ایرانسل,2,380,0.53%,9.12
wifi,2,357,0.56%,8.36
اینترنت ایرانسل خرید,2,345,0.58%,8.06
مخابراط,2,335,0.60%,6.44
adsl tci.ir,2,324,0.62%,7.63
شارژ سریع مودم,2,309,0.65%,4.93
adsl tci 2020,2,287,0.70%,7.58
adcl,2,276,0.72%,5.45
lohfvhj,2,270,0.74%,6.70
روش خرید بسته اینترنت ایرانسل,2,253,0.79%,8.49
ایراتسل من,2,247,0.81%,7.82
باقیمانده اینترنت مخابرات,2,243,0.82%,7.50
شارژاینترنت ایرانسل,2,243,0.82%,9.07
خرید شارژ ایرانسل اینترنت,2,237,0.84%,8.34
سایت نت مخابرات,2,227,0.88%,4.72
تمدید شارژ اینترنت مخابرات,2,227,0.88%,5.56
تعرفه اینترنت مخابرات vdsl,2,227,0.88%,7.57
پنل مخابرات اصفهان,2,222,0.90%,3.62
مودم فیبر نوری هواوی,2,221,0.90%,10.24
شرایط اینترنت در ایرانسل,2,220,0.91%,6.28
خرید اینترنت adsl مخابرات شهریار، استان تهران,2,214,0.93%,6.95
مودم مخابرات,2,211,0.95%,5.83
تمدید مودم مخابرات,2,207,0.97%,7.57
سرویس های مخابرات,2,205,0.98%,6.80
مبلغ رانژه چیست,2,202,0.99%,5.82
چگونه از شارژ گوشی اینترنت بخریم ایرانسل,2,196,1.02%,10.42
2020 اینترنت مخابرات,2,192,1.04%,5.48
شارژاینترنت مخابرات,2,189,1.06%,5.05
سایت شارژ اینترنت مخابرات,2,187,1.07%,4.58
شارژاینترنت,2,187,1.07%,7.70
پشتیبانی آنلاین اینترنت مخابرات,2,186,1.08%,8.51
سامانه adsl مخابرات,2,183,1.09%,5.82
معایب فیبر نوری,2,165,1.21%,8.15
فیبر نوری مخابراط,2,163,1.23%,8.99
درخواست adsl مخابرات,2,160,1.25%,5.67
شارژ كردن مودم مخابرات,2,157,1.27%,5.83
ثبت نام اینترنت 2020,2,156,1.28%,7.79
تغییر رمز مودم فیبر نوری,2,155,1.29%,9.15
ایدسل مخابرات,2,154,1.30%,5.31
adsl مخابرات شهرکرد,2,153,1.31%,5.48
شارژوای فای مخابرات,2,152,1.32%,5.39
شارژ سریع وایفا,2,147,1.36%,5.78
طریقه گرفتن اینترنت ایرانسل,2,145,1.38%,9.78
شارژ اينترنت مخابرات,2,142,1.41%,4.86
ثبت نام مخابرات adsl,2,140,1.43%,6.49
اینترنت مخابرات تلفن,2,137,1.46%,6.20
2020.adsl,2,136,1.47%,4.87
سامانه مخابرات ایران,2,133,1.50%,6.32
سایت مودم مخابرات,2,132,1.52%,4.70
خرید شارژ سریع مخابرات,2,131,1.53%,5.18
اینترنت مخابرت,2,131,1.53%,6.19
فیبر نوری منازل,2,131,1.53%,6.64
اینترنت ۲۰۲۰ فارس,2,131,1.53%,7.79
adsl.tci.ir اصفهان,2,127,1.57%,4.67
بسته اینترنت مخابرات adsl,2,122,1.64%,5.98
تعرفه adsl مخابرات,2,118,1.69%,5.49
تمدید حجم اینترنت مخابرات,2,118,1.69%,6.81
اسنترنت مخابرات,2,116,1.72%,6.46
شارژ مخابرات adsl,2,115,1.74%,4.42
خرید اینترنت adsl مخابرات مریوان، استان کردستان,2,114,1.75%,6.05
بسته های ایرانسل من,2,112,1.79%,5.21
شارژ اینترنت وای فای,2,112,1.79%,5.32
تعرفه بسته های اینترنت مخابرات,2,110,1.82%,6.57
خرید بسته اینترنت ایرانسل حجم بالا,2,110,1.82%,9.34
شارژ اینترنت وای فای مخابرات,2,109,1.83%,6.19
تنظیمات مودم هواوی,2,109,1.83%,9.48
اینترنت مخابرات تهران,2,107,1.87%,14.57
برای خرید بسته اینترنت ایرانسل,2,105,1.90%,9.38
مخابرات idsl,2,104,1.92%,4.51
wifi چیست,2,103,1.94%,6.23
خرید بسته اینترنت وای فای,2,101,1.98%,4.70
شارز مخابرات,2,101,1.98%,5.52
۲۰ ۲۰ مخابرات,2,101,1.98%,6.20
اینتدنت مخابرات,2,100,2.00%,6.33
*2020,2,99,2.02%,6.23
قیمت بسته مخابرات,2,99,2.02%,6.77
شارژ فیبر نوری,2,99,2.02%,7.44
تمدید اینترنت وای فای,2,96,2.08%,7.05
خدمات ۲۰۲۰,2,94,2.13%,5.63
نرخ اینترنت مخابرات,2,94,2.13%,7.01
تمدید اینترنت ۲۰۲۰,2,91,2.20%,4.92
تعرفه اینترنت فیبر نوری مخابرات,2,91,2.20%,6.71
سایت مخابرات اینترنت اصفهان، استان اصفهان,2,90,2.22%,3.58
خرید اینترنت ثابت مخابرات,2,90,2.22%,6.76
مودم هواوی فیبر نوری,2,90,2.22%,9.08
adsl 2+,2,89,2.25%,14.31
شارژ سریع نت مخابرات,2,88,2.27%,5.47
تمدید قرارداد اینترنت مخابرات,2,88,2.27%,8.41
کانفینگ اینترنت,2,88,2.27%,8.78
کانفیگ مودم هواوی فیبر نوری,2,87,2.30%,6.66
ایننرنت مخابرات,2,86,2.33%,6.42
مخابران,2,86,2.33%,6.84
اینرتنت مخابرات,2,85,2.35%,7.05
خرید حجم اضافه اینترنت پر ایرانسل,2,84,2.38%,8.79
نت وای فای مخابرات,2,83,2.41%,3.94
خرید بسته های اینترنت ایرانسل,2,83,2.41%,8.33
رمز pppoe مخابرات,2,83,2.41%,8.82
پنل کاربری مخابرات اصفهان,2,82,2.44%,3.89
تمدید اینترنت وای فای مخابرات,2,81,2.47%,6.94
قیمت بسته های وای فای مخابرات,2,81,2.47%,7.80
مناطق تحت پوشش فیبر نوری در اصفهان,2,80,2.50%,8.28
vlan id مخابرات مشهد,2,79,2.53%,7.47
طریقه شارژ وای فای خانگی,2,77,2.60%,8.88
ایمترنت مخابرات,2,76,2.63%,6.04
خرید اینترنت سریع مخابرات,2,75,2.67%,4.37
نت وای فای,2,75,2.67%,5.51
pppoe مخابرات,2,75,2.67%,8.40
خرید مخابرات,2,74,2.70%,6.31
اینترنت مخابرات شارژ,2,73,2.74%,4.41
قیمت بسته اینترنت وای فای خانگی,2,73,2.74%,7.96
نت مخابراط,2,67,2.99%,5.33
مخابراط اصفهان,2,65,3.08%,4.68
دریافت نام کاربری و رمز عبور اینترنت مخابرات اصفهان,2,65,3.08%,9.18
شارژ سریع ۲۰۲۰,2,64,3.12%,4.14
خرید شارژ سریع,2,63,3.17%,5.41
بسته اینترنت adsl مخابرات,2,63,3.17%,6.48
سایت ۲۰ ۲۰,2,62,3.23%,5.40
چراغ های مودم هواوی فیبر نوری,2,62,3.23%,8.27
شارز وای فای,2,61,3.28%,5.59
خرید اینترنتی مخابرات,2,60,3.33%,7.68
خرید حجم وای فای,2,59,3.39%,4.66
مناطق فیبر نوری اصفهان,2,59,3.39%,7.15
خرید بسته اینترنت 2020,2,58,3.45%,4.95
سایت مخابرات برای شارژ وای فای,2,57,3.51%,4.93
اینترنت تانوما,2,57,3.51%,8.35
هزینه ثبت نام اینترنت مخابرات,2,55,3.64%,7.69
مودم فیبر نوری مخابرات,2,55,3.64%,9.95
بسته های اینترنت adsl مخابرات,2,54,3.70%,6.44
تعرفه وای فای مخابرات,2,54,3.70%,6.70
سایت اینترنت 2020,2,53,3.77%,5.83
خرید سرویس پس پرداخت مخابرات,2,53,3.77%,7.19
لیست قیمت اینترنت مخابرات,2,52,3.85%,5.27
ثبت نام مودم مخابرات,2,51,3.92%,6.59
www.adsl.ir,2,51,3.92%,6.86
مخابرات استان اصفهان adsl,2,49,4.08%,3.33
خرید اینترنت برای تلفن ثابت,2,49,4.08%,4.16
پشتیبانی ۲۰۲۰,2,49,4.08%,7.45
خرید اینترنت برای وای فای خانگی,2,47,4.26%,3.98
www.2020,2,47,4.26%,6.70
خرید بسته فیبر نوری,2,47,4.26%,8.79
چجوری اینترنت رو بگیریم,2,47,4.26%,9.55
بسته های نت مخابرات,2,46,4.35%,7.57
idslمخابرات,2,44,4.55%,3.30
مخابرات مودم,2,44,4.55%,5.48
خرید اینترنت مودم,2,44,4.55%,7.61
نقشه فیبر نوری اصفهان,2,44,4.55%,9.52
سایت شارژ وای فای مخابرات,2,42,4.76%,4.57
isp اینترنت مخابرات,2,42,4.76%,6.05
اینتر مخابرات,2,42,4.76%,7.00
هزینه فیبر نوری,2,42,4.76%,7.88
وای فای خانگی مخابرات,2,41,4.88%,5.37
شارژوای فا,2,41,4.88%,5.66
پنل مخابرات فیبر نوری,2,41,4.88%,6.76
چراغ tel مودم فیبر نوری,2,40,5.00%,8.35
استعلام فیبر نوری مخابرات اصفهان,2,39,5.13%,5.38
قیمت بسته های اینترنت مخابرات adsl,2,39,5.13%,7.21
تانوما مخابرات,2,38,5.26%,6.03
بسته اینترنت خانگی,2,37,5.41%,4.59
رجیستر مودم فیبر نوری,2,37,5.41%,7.51
خرید بسته وایفا,2,36,5.56%,4.92
اینترنت شرکت مخابرات ایران,2,36,5.56%,5.33
قیمت فیبر نوری,2,36,5.56%,11.03
شارژ اینترنت ثابت مخابرات,2,35,5.71%,5.06
سایت خرید بسته وای فای,2,35,5.71%,5.37
تعرفه اینترنت adsl مخابرات,2,35,5.71%,6.11
شارژ مودم فیبر نوری مخابرات,2,35,5.71%,7.17
سایت مختبرات,2,34,5.88%,6.06
آی دی اس ال مخابرات,2,33,6.06%,3.97
درخواست اینترنت فیبر نوری مخابرات,2,33,6.06%,5.64
پشتیبانی اینترنت فیبر نوری مخابرات,2,33,6.06%,5.79
خرید اینترنت وایفا,2,32,6.25%,4.44
بسته اینترنت خانگی مخابرات,2,32,6.25%,7.00
تعرفه اینترنت adsl,2,32,6.25%,11.44
قیمت بسته اینترنت وای فای خانگی مخابرات,2,31,6.45%,6.87
مخابرات بسته اینترنت,2,31,6.45%,6.94
خرید اشتراک اینترنت,2,31,6.45%,10.90
پنل اینترنت فیبر نوری مخابرات,2,29,6.90%,7.28
تعرفه adsl,2,29,6.90%,11.55
مخابرات نجف آباد adsl,2,28,7.14%,5.00
اشتراک adsl مخابرات,2,28,7.14%,6.75
درخواست adsl,2,28,7.14%,7.07
تنظیمات مودم فیبر نوری ایرانسل,2,28,7.14%,8.36
سایت اینترنت ۲۰۲۰,2,27,7.41%,5.67
خرید سرویس مخابرات اینترنت,2,27,7.41%,6.48
خرید نت فیبر نوری مخابرات,2,26,7.69%,5.46
بسته اینترنت تلفن ثابت,2,26,7.69%,6.54
بسته وای فای خانگی,2,26,7.69%,7.04
سرویس فیبر نوری,2,26,7.69%,7.65
خرید نت فیبر نوری,2,26,7.69%,8.50
adsl2+ مخابرات,2,25,8.00%,4.36
خرید بسته وای فای تلفن ثابت,2,25,8.00%,4.52
بسته های اینترنت مخابرات فیبر نوری,2,25,8.00%,5.40
اینترنت فیبر مخابرات,2,24,8.33%,5.04
اینترنت مخابرات کاشان، استان اصفهان,2,23,8.70%,3.39
قیمت اینترنت مخابراط,2,23,8.70%,6.91
خرید نت خانگی,2,23,8.70%,7.57
تمدید حجم وای فای,2,22,9.09%,6.68
نت خانگی,2,22,9.09%,6.68
اینترنت مخابرات تبریز,2,21,9.52%,7.29
کانفیگ مخابرات,2,21,9.52%,9.05
سایت شارژ مودم مخابرات,2,20,10.00%,5.25
خرید حجم فیبر نوری مخابرات,2,20,10.00%,6.65
قیمت سرویس های adsl مخابرات,2,20,10.00%,6.80
جشنواره adsl,2,20,10.00%,26.30
خرید بسته اینترنت برای مودم مخابرات,2,19,10.53%,5.79
قیمت مخابرات اینترنت,2,19,10.53%,6.79
خرید بسته اینترنت فیبر نوری,2,19,10.53%,10.05
اشتراک وای فای,2,17,11.76%,5.35
خرید بسته اینترنتی وای فای مخابرات,2,17,11.76%,5.35
بسته اینترنت ثابت مخابرات,2,17,11.76%,6.06
مودم های فیبر نوری مخابرات,2,17,11.76%,12.59
پنل ۲۰۲۰ مخابرات,2,16,12.50%,4.31
خرید اینترنت نخابرات,2,16,12.50%,5.88
خرید گیگ مخابرات,2,16,12.50%,6.69
خط فیبر نوری,2,15,13.33%,2.93
درخواست ای دی اس ال مخابرات,2,15,13.33%,4.60
خرید اینترنت 2020 مخابرات,2,15,13.33%,5.47
ورود به مودم فیبر نوری هواوی,2,15,13.33%,5.87
طرح های مخابرات adsl,2,15,13.33%,6.47
چقدر طول میکشه اینترنت مخابرات وصل شود,2,14,14.29%,1.00
نت محابرات,2,13,15.38%,3.92
شارژ اینترنت خط ثابت,2,13,15.38%,4.92
خرید اینترنت فیبر,2,13,15.38%,7.31
تست سرعت اینترنت مخابرات شیراز، استان فارس,2,13,15.38%,9.23
سایت اینترنت وای فای,2,12,16.67%,4.17
خرید اینترنت منزل,2,12,16.67%,4.83
آدرس کانفینگ,2,12,16.67%,5.00
استعلام نت مخابرات,2,12,16.67%,9.50
خدمات فیبر نوری,2,12,16.67%,9.83
شارژ وای فا خانگی,2,11,18.18%,6.27
خرید وای فای از مخابرات,2,10,20.00%,3.10
خرید بسته اینترنت برای وای فای خانگی,2,10,20.00%,4.50
خرید اینترنت adsl مخابرات اهواز، استان خوزستان,2,10,20.00%,9.40
فرق adsl و adsl2+,2,9,22.22%,1.00
طرح های وای فای مخابرات,2,9,22.22%,4.56
اینترنت کابل نوری مخابرات,2,9,22.22%,8.00
نحوه درخواست فیبر نوری مخابرات,2,8,25.00%,4.62
اینترنت با فیبر نوری,2,8,25.00%,5.25
طرح فیبر نوری,2,8,25.00%,6.38
قیمت سرویس adsl مخابرات,2,8,25.00%,7.50
سامانه مدیریت اینترنت مشتریان شرکت مخابرات ایران,2,8,25.00%,14.12
اینترنت مخابرات بروجرد,2,7,28.57%,4.57
اینترنت wifi,2,7,28.57%,5.43
درخاست فیبر نوری,2,6,33.33%,2.67
خرید سرویس اینترنت از مخابرات,2,6,33.33%,3.17
adsl ثبت نام,2,6,33.33%,8.50
خرید سرویس اینترنت تلفن ثابت,2,5,40.00%,2.80
خرید adsl از مخابرات,2,5,40.00%,3.40
اینترنت فیبر نوری قیمت,2,5,40.00%,6.40
ip:192.168.100.1,2,4,50.00%,3.75
قیمت اینترنت تلفن ثابت,2,3,66.67%,4.67
طرح های مخابرات فیبر نوری,2,3,66.67%,5.00
اینترنت پرسرعت خانگی,2,3,66.67%,53.33
ita net,2,2,100.00%,1.00
اينترنت,1,1219,0.08%,6.44
